id,league_id,pokedex_id,name,cost,is_drafted,drafted_by,kos,created_at,updated_at,banned
1,1,1,bulbasaur,1,false,,0,2025-12-07 00:04:52,2025-12-07 00:04:52,false
2,1,2,ivysaur,1,false,,0,2025-12-07 00:04:52,2025-12-07 00:04:52,false
3,1,3,venusaur,9,false,,0,2025-12-07 00:04:52,2025-12-07 00:04:52,false
4,1,5,charmander,1,false,,0,2025-12-07 00:04:52,2025-12-07 00:04:52,false
5,1,6,charmeleon,1,false,,0,2025-12-07 00:04:52,2025-12-07 00:04:52,false
6,1,7,charizard,6,false,,0,2025-12-07 00:04:52,2025-12-07 00:04:52,false
7,1,10,squirtle,1,false,,0,2025-12-07 00:04:52,2025-12-07 00:04:52,false
8,1,11,wartortle,1,false,,0,2025-12-07 00:04:52,2025-12-07 00:04:52,false
9,1,12,blastoise,9,false,,0,2025-12-07 00:04:52,2025-12-07 00:04:52,false
10,1,31,ekans,1,false,,0,2025-12-07 00:04:52,2025-12-07 00:04:52,false
11,1,32,arbok,3,false,,0,2025-12-07 00:04:52,2025-12-07 00:04:52,false
12,1,33,pikachu,2,true,6,0,2025-12-07 00:04:52,2025-12-07 02:07:32,false
13,1,34,raichu,8,false,,0,2025-12-07 00:04:52,2025-12-07 00:04:52,false
14,1,35,raichu-alola,4,true,6,0,2025-12-07 00:04:52,2025-12-07 01:37:27,false
15,1,36,sandshrew,1,false,,0,2025-12-07 00:04:52,2025-12-07 00:04:52,false
16,1,37,sandshrew-alola,1,false,,0,2025-12-07 00:04:52,2025-12-07 00:04:52,false
17,1,38,sandslash,4,false,,0,2025-12-07 00:04:52,2025-12-07 00:04:52,false
18,1,39,sandslash-alola,3,false,,0,2025-12-07 00:04:52,2025-12-07 00:04:52,false
19,1,46,clefairy,13,true,10,0,2025-12-07 00:04:52,2025-12-07 01:58:14,false
20,1,47,clefable,13,false,,0,2025-12-07 00:04:52,2025-12-07 00:04:52,false
21,1,48,vulpix,2,false,,0,2025-12-07 00:04:52,2025-12-07 00:04:52,false
22,1,49,vulpix-alola,2,false,,0,2025-12-07 00:04:52,2025-12-07 00:04:52,false
23,1,50,ninetales,12,true,1,0,2025-12-07 00:04:52,2025-12-07 01:28:45,false
24,1,51,ninetales-alola,14,true,13,0,2025-12-07 00:04:52,2025-12-07 00:58:17,false
25,1,52,jigglypuff,1,false,,0,2025-12-07 00:04:52,2025-12-07 00:04:52,false
26,1,53,wigglytuff,2,false,,0,2025-12-07 00:04:52,2025-12-07 00:04:52,false
27,1,56,oddish,1,false,,0,2025-12-07 00:04:52,2025-12-07 00:04:52,false
28,1,57,gloom,1,false,,0,2025-12-07 00:04:52,2025-12-07 00:04:52,false
29,1,58,vileplume,5,false,,0,2025-12-07 00:04:52,2025-12-07 00:04:52,false
30,1,61,venonat,1,true,7,0,2025-12-07 00:04:52,2025-12-07 02:36:22,false
31,1,62,venomoth,7,false,,0,2025-12-07 00:04:52,2025-12-07 00:04:52,false
32,1,63,diglett,1,false,,0,2025-12-07 00:04:52,2025-12-07 00:04:52,false
33,1,64,diglett-alola,1,false,,0,2025-12-07 00:04:52,2025-12-07 00:04:52,false
34,1,65,dugtrio,5,true,8,0,2025-12-07 00:04:52,2025-12-07 02:12:44,false
35,1,66,dugtrio-alola,2,false,,0,2025-12-07 00:04:52,2025-12-07 00:04:52,false
36,1,67,meowth,1,false,,0,2025-12-07 00:04:52,2025-12-07 00:04:52,false
37,1,68,meowth-alola,1,false,,0,2025-12-07 00:04:52,2025-12-07 00:04:52,false
38,1,69,meowth-galar,1,false,,0,2025-12-07 00:04:52,2025-12-07 00:04:52,false
39,1,70,persian,5,false,,0,2025-12-07 00:04:52,2025-12-07 00:04:52,false
40,1,71,persian-alola,10,false,,0,2025-12-07 00:04:52,2025-12-07 00:04:52,false
41,1,72,psyduck,1,false,,0,2025-12-07 00:04:52,2025-12-07 00:04:52,false
42,1,73,golduck,5,true,7,0,2025-12-07 00:04:52,2025-12-07 02:10:06,false
43,1,74,mankey,1,false,,0,2025-12-07 00:04:52,2025-12-07 00:04:52,false
44,1,75,primeape,6,false,,0,2025-12-07 00:04:52,2025-12-07 00:04:52,false
45,1,76,growlithe,1,false,,0,2025-12-07 00:04:52,2025-12-07 00:04:52,false
46,1,77,growlithe-hisui,1,false,,0,2025-12-07 00:04:52,2025-12-07 00:04:52,false
47,1,78,arcanine,13,false,,0,2025-12-07 00:04:52,2025-12-07 00:04:52,false
48,1,79,arcanine-hisui,14,true,7,0,2025-12-07 00:04:52,2025-12-07 01:10:42,false
49,1,80,poliwag,1,false,,0,2025-12-07 00:04:52,2025-12-07 00:04:52,false
50,1,81,poliwhirl,1,false,,0,2025-12-07 00:04:52,2025-12-07 00:04:52,false
51,1,82,poliwrath,5,false,,0,2025-12-07 00:04:52,2025-12-07 00:04:52,false
52,1,90,bellsprout,1,false,,0,2025-12-07 00:04:52,2025-12-07 00:04:52,false
53,1,91,weepinbell,1,false,,0,2025-12-07 00:04:52,2025-12-07 00:04:52,false
54,1,92,victreebel,5,false,,0,2025-12-07 00:04:52,2025-12-07 00:04:52,false
55,1,93,tentacool,1,false,,0,2025-12-07 00:04:52,2025-12-07 00:04:52,false
56,1,94,tentacruel,4,false,,0,2025-12-07 00:04:52,2025-12-07 00:04:52,false
57,1,95,geodude,1,false,,0,2025-12-07 00:04:52,2025-12-07 00:04:52,false
58,1,96,geodude-alola,1,false,,0,2025-12-07 00:04:52,2025-12-07 00:04:52,false
59,1,97,graveler,1,false,,0,2025-12-07 00:04:52,2025-12-07 00:04:52,false
60,1,98,graveler-alola,1,false,,0,2025-12-07 00:04:52,2025-12-07 00:04:52,false
61,1,99,golem,2,false,,0,2025-12-07 00:04:52,2025-12-07 00:04:52,false
62,1,100,golem-alola,2,true,12,0,2025-12-07 00:04:52,2025-12-07 02:43:46,false
63,1,105,slowpoke,1,false,,0,2025-12-07 00:04:52,2025-12-07 00:04:52,false
64,1,107,slowbro,10,false,,0,2025-12-07 00:04:52,2025-12-07 00:04:52,false
65,1,108,slowbro-galar,11,false,,0,2025-12-07 00:04:52,2025-12-07 00:04:52,false
66,1,110,magnemite,1,false,,0,2025-12-07 00:04:52,2025-12-07 00:04:52,false
67,1,111,magneton,5,false,,0,2025-12-07 00:04:52,2025-12-07 00:04:52,false
68,1,114,doduo,1,false,,0,2025-12-07 00:04:52,2025-12-07 00:04:52,false
69,1,115,dodrio,3,false,,0,2025-12-07 00:04:52,2025-12-07 00:04:52,false
70,1,116,seel,1,false,,0,2025-12-07 00:04:52,2025-12-07 00:04:52,false
71,1,117,dewgong,2,false,,0,2025-12-07 00:04:52,2025-12-07 00:04:52,false
72,1,118,grimer,1,false,,0,2025-12-07 00:04:52,2025-12-07 00:04:52,false
73,1,120,muk,4,false,,0,2025-12-07 00:04:52,2025-12-07 00:04:52,false
74,1,121,muk-alola,9,false,,0,2025-12-07 00:04:52,2025-12-07 00:04:52,false
75,1,122,shellder,1,false,,0,2025-12-07 00:04:52,2025-12-07 00:04:52,false
76,1,123,cloyster,4,false,,0,2025-12-07 00:04:52,2025-12-07 00:04:52,false
77,1,124,gastly,1,false,,0,2025-12-07 00:04:52,2025-12-07 00:04:52,false
78,1,125,haunter,2,false,,0,2025-12-07 00:04:52,2025-12-07 00:04:52,false
79,1,126,gengar,10,true,8,0,2025-12-07 00:04:52,2025-12-07 01:45:50,false
80,1,129,drowzee,1,false,,0,2025-12-07 00:04:52,2025-12-07 00:04:52,false
81,1,130,hypno,2,false,,0,2025-12-07 00:04:52,2025-12-07 00:04:52,false
82,1,133,voltorb,1,false,,0,2025-12-07 00:04:52,2025-12-07 00:04:52,false
83,1,134,voltorb-hisui,1,false,,0,2025-12-07 00:04:52,2025-12-07 00:04:52,false
84,1,135,electrode,6,false,,0,2025-12-07 00:04:52,2025-12-07 00:04:52,false
85,1,136,electrode-hisui,7,false,,0,2025-12-07 00:04:52,2025-12-07 00:04:52,false
86,1,137,exeggcute,1,false,,0,2025-12-07 00:04:52,2025-12-07 00:04:52,false
87,1,138,exeggutor,5,false,,0,2025-12-07 00:04:52,2025-12-07 00:04:52,false
88,1,139,exeggutor-alola,6,false,,0,2025-12-07 00:04:52,2025-12-07 00:04:52,false
89,1,143,hitmonlee,8,false,,0,2025-12-07 00:04:52,2025-12-07 00:04:52,false
90,1,144,hitmonchan,4,false,,0,2025-12-07 00:04:52,2025-12-07 00:04:52,false
91,1,146,koffing,1,false,,0,2025-12-07 00:04:52,2025-12-07 00:04:52,false
92,1,147,weezing,10,false,,0,2025-12-07 00:04:52,2025-12-07 00:04:52,false
93,1,148,weezing-galar,11,true,12,0,2025-12-07 00:04:53,2025-12-07 01:49:46,false
94,1,149,rhyhorn,1,false,,0,2025-12-07 00:04:53,2025-12-07 00:04:53,false
95,1,150,rhydon,6,false,,0,2025-12-07 00:04:53,2025-12-07 00:04:53,false
96,1,151,chansey,3,false,,0,2025-12-07 00:04:53,2025-12-07 00:04:53,false
97,1,155,horsea,1,false,,0,2025-12-07 00:04:53,2025-12-07 00:04:53,false
98,1,156,seadra,1,false,,0,2025-12-07 00:04:53,2025-12-07 00:04:53,false
99,1,163,scyther,3,true,8,0,2025-12-07 00:04:53,2025-12-07 02:40:03,false
100,1,165,electabuzz,10,true,8,0,2025-12-07 00:04:53,2025-12-07 01:31:48,false
101,1,166,magmar,10,true,11,0,2025-12-07 00:04:53,2025-12-07 00:58:55,false
102,1,169,tauros,4,false,,0,2025-12-07 00:04:53,2025-12-07 00:04:53,false
103,1,170,tauros-paldea,5,false,,0,2025-12-07 00:04:53,2025-12-07 00:04:53,false
104,1,171,tauros-paldea-fire,9,false,,0,2025-12-07 00:04:53,2025-12-07 00:04:53,false
105,1,172,tauros-paldea-water,10,true,3,0,2025-12-07 00:04:53,2025-12-07 01:16:56,false
106,1,173,magikarp,1,false,,0,2025-12-07 00:04:53,2025-12-07 00:04:53,false
107,1,174,gyarados,11,true,8,0,2025-12-07 00:04:53,2025-12-07 01:08:17,false
108,1,176,lapras,2,false,,0,2025-12-07 00:04:53,2025-12-07 00:04:53,false
109,1,177,ditto,6,false,,0,2025-12-07 00:04:53,2025-12-07 00:04:53,false
110,1,178,eevee,1,false,,0,2025-12-07 00:04:53,2025-12-07 00:04:53,false
111,1,180,vaporeon,8,false,,0,2025-12-07 00:04:53,2025-12-07 00:04:53,false
112,1,181,jolteon,7,false,,0,2025-12-07 00:04:53,2025-12-07 00:04:53,false
113,1,182,flareon,2,false,,0,2025-12-07 00:04:53,2025-12-07 00:04:53,false
114,1,183,porygon,1,false,,0,2025-12-07 00:04:53,2025-12-07 00:04:53,false
115,1,190,snorlax,10,false,,0,2025-12-07 00:04:53,2025-12-07 00:04:53,false
116,1,191,articuno,8,false,,0,2025-12-07 00:04:53,2025-12-07 02:03:29,false
117,1,192,articuno-galar,8,false,,0,2025-12-07 00:04:53,2025-12-07 00:04:53,false
118,1,193,zapdos,16,false,,0,2025-12-07 00:04:53,2025-12-07 00:04:53,false
119,1,194,zapdos-galar,13,false,,0,2025-12-07 00:04:53,2025-12-07 00:04:53,false
120,1,195,moltres,8,false,,0,2025-12-07 00:04:53,2025-12-07 00:04:53,false
121,1,196,moltres-galar,12,true,9,0,2025-12-07 00:04:53,2025-12-07 02:31:45,false
122,1,197,dratini,1,false,,0,2025-12-07 00:04:53,2025-12-07 00:04:53,false
123,1,198,dragonair,1,false,,0,2025-12-07 00:04:53,2025-12-07 00:04:53,false
124,1,199,dragonite,17,true,1,0,2025-12-07 00:04:53,2025-12-07 01:01:56,false
125,1,204,chikorita,1,false,,0,2025-12-07 00:04:53,2025-12-07 00:04:53,false
126,1,205,bayleef,1,false,,0,2025-12-07 00:04:53,2025-12-07 00:04:53,false
127,1,206,meganium,2,false,,0,2025-12-07 00:04:53,2025-12-07 00:04:53,false
128,1,207,cyndaquil,1,false,,0,2025-12-07 00:04:53,2025-12-07 00:04:53,false
129,1,208,quilava,1,false,,0,2025-12-07 00:04:53,2025-12-07 00:04:53,false
130,1,209,typhlosion,6,false,,0,2025-12-07 00:04:53,2025-12-07 00:04:53,false
131,1,210,typhlosion-hisui,7,true,2,0,2025-12-07 00:04:53,2025-12-07 02:38:53,false
132,1,211,totodile,1,false,,0,2025-12-07 00:04:53,2025-12-07 00:04:53,false
133,1,212,croconaw,1,false,,0,2025-12-07 00:04:53,2025-12-07 00:04:53,false
134,1,213,feraligatr,5,false,,0,2025-12-07 00:04:53,2025-12-07 00:04:53,false
135,1,214,sentret,1,false,,0,2025-12-07 00:04:53,2025-12-07 00:04:53,false
136,1,215,furret,3,true,4,0,2025-12-07 00:04:53,2025-12-07 00:04:53,false
137,1,216,hoothoot,1,false,,0,2025-12-07 00:04:53,2025-12-07 00:04:53,false
138,1,217,noctowl,1,false,,0,2025-12-07 00:04:53,2025-12-07 00:04:53,false
139,1,220,spinarak,1,false,,0,2025-12-07 00:04:53,2025-12-07 00:04:53,false
140,1,221,ariados,2,false,,0,2025-12-07 00:04:53,2025-12-07 00:04:53,false
141,1,223,chinchou,1,false,,0,2025-12-07 00:04:53,2025-12-07 00:04:53,false
142,1,224,lanturn,4,false,,0,2025-12-07 00:04:53,2025-12-07 00:04:53,false
143,1,225,pichu,1,false,,0,2025-12-07 00:04:53,2025-12-07 00:04:53,false
144,1,227,cleffa,1,false,,0,2025-12-07 00:04:53,2025-12-07 00:04:53,false
145,1,228,igglybuff,1,false,,0,2025-12-07 00:04:53,2025-12-07 00:04:53,false
146,1,233,mareep,1,false,,0,2025-12-07 00:04:53,2025-12-07 00:04:53,false
147,1,234,flaaffy,1,false,,0,2025-12-07 00:04:53,2025-12-07 00:04:53,false
148,1,235,ampharos,1,true,6,0,2025-12-07 00:04:53,2025-12-07 02:30:44,false
149,1,238,marill,1,false,,0,2025-12-07 00:04:53,2025-12-07 00:04:53,false
150,1,239,azumarill,14,false,,0,2025-12-07 00:04:53,2025-12-07 00:04:53,false
151,1,240,sudowoodo,1,false,,0,2025-12-07 00:04:53,2025-12-07 00:04:53,false
152,1,241,politoed,11,true,6,0,2025-12-07 00:04:53,2025-12-07 01:12:26,false
153,1,242,hoppip,1,false,,0,2025-12-07 00:04:53,2025-12-07 00:04:53,false
154,1,243,skiploom,2,false,,0,2025-12-07 00:04:53,2025-12-07 00:04:53,false
155,1,244,jumpluff,10,false,,0,2025-12-07 00:04:53,2025-12-07 00:04:53,false
156,1,245,aipom,1,false,,0,2025-12-07 00:04:53,2025-12-07 00:04:53,false
157,1,246,sunkern,1,false,,0,2025-12-07 00:04:53,2025-12-07 00:04:53,false
158,1,247,sunflora,1,false,,0,2025-12-07 00:04:53,2025-12-07 00:04:53,false
159,1,248,yanma,1,true,7,0,2025-12-07 00:04:53,2025-12-07 02:04:23,false
160,1,249,wooper,1,false,,0,2025-12-07 00:04:53,2025-12-07 00:04:53,false
161,1,250,wooper-paldea,1,false,,0,2025-12-07 00:04:53,2025-12-07 00:04:53,false
162,1,251,quagsire,3,true,12,0,2025-12-07 00:04:53,2025-12-07 02:18:30,false
163,1,252,espeon,5,false,,0,2025-12-07 00:04:53,2025-12-07 00:04:53,false
164,1,253,umbreon,7,false,,0,2025-12-07 00:04:53,2025-12-07 00:04:53,false
165,1,254,murkrow,13,true,10,0,2025-12-07 00:04:53,2025-12-07 00:52:54,false
166,1,255,slowking,10,false,,0,2025-12-07 00:04:53,2025-12-07 00:04:53,false
167,1,256,slowking-galar,11,false,,0,2025-12-07 00:04:53,2025-12-07 00:04:53,false
168,1,257,misdreavus,3,false,,0,2025-12-07 00:04:53,2025-12-07 00:04:53,false
169,1,260,girafarig,1,false,,0,2025-12-07 00:04:53,2025-12-07 00:04:53,false
170,1,261,pineco,1,false,,0,2025-12-07 00:04:53,2025-12-07 00:04:53,false
171,1,262,forretress,2,false,,0,2025-12-07 00:04:53,2025-12-07 02:38:23,false
172,1,263,dunsparce,1,false,,0,2025-12-07 00:04:53,2025-12-07 00:04:53,false
173,1,264,gligar,2,false,,0,2025-12-07 00:04:53,2025-12-07 00:04:53,false
174,1,267,snubbull,1,false,,0,2025-12-07 00:04:53,2025-12-07 00:04:53,false
175,1,268,granbull,5,false,,0,2025-12-07 00:04:53,2025-12-07 00:04:53,false
176,1,269,qwilfish,5,false,,0,2025-12-07 00:04:53,2025-12-07 00:04:53,false
177,1,270,qwilfish-hisui,6,false,,0,2025-12-07 00:04:53,2025-12-07 00:04:53,false
178,1,271,scizor,11,true,10,0,2025-12-07 00:04:53,2025-12-07 01:15:28,false
179,1,274,heracross,6,false,,0,2025-12-07 00:04:53,2025-12-07 00:04:53,false
180,1,276,sneasel,6,true,2,0,2025-12-07 00:04:53,2025-12-07 02:00:56,false
181,1,277,sneasel-hisui,3,false,,0,2025-12-07 00:04:53,2025-12-07 00:04:53,false
182,1,278,teddiursa,1,false,,0,2025-12-07 00:04:53,2025-12-07 00:04:53,false
183,1,279,ursaring,6,false,,0,2025-12-07 00:04:53,2025-12-07 00:04:53,false
184,1,280,slugma,1,false,,0,2025-12-07 00:04:53,2025-12-07 00:04:53,false
185,1,281,magcargo,1,false,,0,2025-12-07 00:04:53,2025-12-07 00:04:53,false
186,1,282,swinub,1,false,,0,2025-12-07 00:04:53,2025-12-07 00:04:53,false
187,1,283,piloswine,6,false,,0,2025-12-07 00:04:53,2025-12-07 00:04:53,false
188,1,288,delibird,1,false,,0,2025-12-07 00:04:53,2025-12-07 00:04:53,false
189,1,290,skarmory,3,false,,0,2025-12-07 00:04:53,2025-12-07 00:04:53,false
190,1,291,houndour,1,false,,0,2025-12-07 00:04:53,2025-12-07 00:04:53,false
191,1,292,houndoom,2,false,,0,2025-12-07 00:04:53,2025-12-07 00:04:53,false
192,1,294,kingdra,10,true,6,0,2025-12-07 00:04:53,2025-12-07 02:04:48,false
193,1,295,phanpy,1,false,,0,2025-12-07 00:04:53,2025-12-07 00:04:53,false
194,1,296,donphan,6,false,,0,2025-12-07 00:04:53,2025-12-07 00:04:53,false
195,1,297,porygon2,16,false,,0,2025-12-07 00:04:53,2025-12-07 00:04:53,false
196,1,298,stantler,2,false,,0,2025-12-07 00:04:53,2025-12-07 00:04:53,false
197,1,299,smeargle,17,false,,0,2025-12-07 00:04:53,2025-12-07 00:04:53,false
198,1,300,tyrogue,1,false,,0,2025-12-07 00:04:53,2025-12-07 00:04:53,false
199,1,301,hitmontop,10,true,2,0,2025-12-07 00:04:53,2025-12-07 02:11:53,false
200,1,303,elekid,1,false,,0,2025-12-07 00:04:53,2025-12-07 00:04:53,false
201,1,304,magby,1,false,,0,2025-12-07 00:04:53,2025-12-07 00:04:53,false
202,1,306,blissey,5,false,,0,2025-12-07 00:04:53,2025-12-07 00:04:53,false
203,1,307,raikou,11,false,,0,2025-12-07 00:04:53,2025-12-07 00:04:53,false
204,1,308,entei,15,false,,0,2025-12-07 00:04:53,2025-12-07 00:04:53,false
205,1,309,suicune,13,false,,0,2025-12-07 00:04:53,2025-12-07 01:50:39,false
206,1,310,larvitar,1,false,,0,2025-12-07 00:04:53,2025-12-07 00:04:53,false
207,1,311,pupitar,1,false,,0,2025-12-07 00:04:53,2025-12-07 00:04:53,false
208,1,312,tyranitar,15,true,9,0,2025-12-07 00:04:53,2025-12-07 01:37:36,false
209,1,317,treecko,1,false,,0,2025-12-07 00:04:53,2025-12-07 00:04:53,false
210,1,318,grovyle,1,false,,0,2025-12-07 00:04:53,2025-12-07 00:04:53,false
211,1,319,sceptile,5,false,,0,2025-12-07 00:04:53,2025-12-07 00:04:53,false
212,1,321,torchic,1,false,,0,2025-12-07 00:04:53,2025-12-07 00:04:53,false
213,1,322,combusken,1,false,,0,2025-12-07 00:04:53,2025-12-07 00:04:53,false
214,1,323,blaziken,7,false,,0,2025-12-07 00:04:53,2025-12-07 00:04:53,false
215,1,325,mudkip,1,false,,0,2025-12-07 00:04:53,2025-12-07 00:04:53,false
216,1,326,marshtomp,1,false,,0,2025-12-07 00:04:53,2025-12-07 00:04:53,false
217,1,327,swampert,10,false,,0,2025-12-07 00:04:53,2025-12-07 00:04:53,false
218,1,329,poochyena,1,false,,0,2025-12-07 00:04:53,2025-12-07 00:04:53,false
219,1,330,mightyena,1,false,,0,2025-12-07 00:04:53,2025-12-07 00:04:53,false
220,1,340,lotad,1,false,,0,2025-12-07 00:04:53,2025-12-07 00:04:53,false
221,1,341,lombre,1,false,,0,2025-12-07 00:04:53,2025-12-07 00:04:53,false
222,1,342,ludicolo,10,false,,0,2025-12-07 00:04:53,2025-12-07 00:04:53,false
223,1,343,seedot,1,false,,0,2025-12-07 00:04:53,2025-12-07 00:04:53,false
224,1,344,nuzleaf,1,false,,0,2025-12-07 00:04:53,2025-12-07 00:04:53,false
225,1,345,shiftry,6,false,,0,2025-12-07 00:04:53,2025-12-07 00:04:53,false
226,1,348,wingull,1,false,,0,2025-12-07 00:04:53,2025-12-07 00:04:53,false
227,1,349,pelipper,14,false,,0,2025-12-07 00:04:53,2025-12-07 00:04:53,false
228,1,350,ralts,1,false,,0,2025-12-07 00:04:53,2025-12-07 00:04:53,false
229,1,351,kirlia,1,false,,0,2025-12-07 00:04:53,2025-12-07 00:04:53,false
230,1,352,gardevoir,11,false,,0,2025-12-07 00:04:53,2025-12-07 00:04:53,false
231,1,354,surskit,1,false,,0,2025-12-07 00:04:53,2025-12-07 00:04:53,false
232,1,355,masquerain,2,false,,0,2025-12-07 00:04:53,2025-12-07 00:04:53,false
233,1,356,shroomish,1,false,,0,2025-12-07 00:04:53,2025-12-07 00:04:53,false
234,1,357,breloom,8,true,12,0,2025-12-07 00:04:53,2025-12-07 01:01:26,false
235,1,358,slakoth,1,false,,0,2025-12-07 00:04:53,2025-12-07 00:04:53,false
236,1,359,vigoroth,1,false,,0,2025-12-07 00:04:53,2025-12-07 00:04:53,false
237,1,360,slaking,7,false,,0,2025-12-07 00:04:53,2025-12-07 00:04:53,false
238,1,367,makuhita,1,false,,0,2025-12-07 00:04:53,2025-12-07 00:04:53,false
239,1,368,hariyama,12,false,,0,2025-12-07 00:04:53,2025-12-07 00:04:53,false
240,1,369,azurill,1,false,,0,2025-12-07 00:04:53,2025-12-07 00:04:53,false
241,1,370,nosepass,1,false,,0,2025-12-07 00:04:53,2025-12-07 00:04:53,false
242,1,373,sableye,11,true,7,0,2025-12-07 00:04:53,2025-12-07 00:57:33,false
243,1,381,meditite,1,false,,0,2025-12-07 00:04:53,2025-12-07 00:04:53,false
244,1,382,medicham,8,false,,0,2025-12-07 00:04:53,2025-12-07 00:04:53,false
245,1,387,plusle,1,false,,0,2025-12-07 00:04:53,2025-12-07 00:04:53,false
246,1,388,minun,1,false,,0,2025-12-07 00:04:53,2025-12-07 00:04:53,false
247,1,389,volbeat,14,false,,0,2025-12-07 00:04:53,2025-12-07 00:04:53,false
248,1,390,illumise,14,true,11,0,2025-12-07 00:04:53,2025-12-07 01:32:12,false
249,1,392,gulpin,1,false,,0,2025-12-07 00:04:53,2025-12-07 00:04:53,false
250,1,393,swalot,1,false,,0,2025-12-07 00:04:53,2025-12-07 00:04:53,false
251,1,399,numel,1,false,,0,2025-12-07 00:04:53,2025-12-07 00:04:53,false
252,1,400,camerupt,3,false,,0,2025-12-07 00:04:53,2025-12-07 00:04:53,false
253,1,402,torkoal,16,true,2,0,2025-12-07 00:04:53,2025-12-07 01:08:30,false
254,1,403,spoink,1,false,,0,2025-12-07 00:04:53,2025-12-07 00:04:53,false
255,1,404,grumpig,2,false,,0,2025-12-07 00:04:53,2025-12-07 00:04:53,false
256,1,406,trapinch,1,false,,0,2025-12-07 00:04:53,2025-12-07 00:04:53,false
257,1,407,vibrava,1,false,,0,2025-12-07 00:04:53,2025-12-07 00:04:53,false
258,1,408,flygon,4,false,,0,2025-12-07 00:04:53,2025-12-07 00:04:53,false
259,1,409,cacnea,1,false,,0,2025-12-07 00:04:53,2025-12-07 00:04:53,false
260,1,410,cacturne,1,false,,0,2025-12-07 00:04:53,2025-12-07 00:04:53,false
261,1,411,swablu,1,false,,0,2025-12-07 00:04:53,2025-12-07 00:04:53,false
262,1,412,altaria,2,true,12,0,2025-12-07 00:04:53,2025-12-07 02:42:51,false
263,1,414,zangoose,1,false,,0,2025-12-07 00:04:53,2025-12-07 00:04:53,false
264,1,415,seviper,1,false,,0,2025-12-07 00:04:53,2025-12-07 00:04:53,false
265,1,418,barboach,1,false,,0,2025-12-07 00:04:53,2025-12-07 00:04:53,false
266,1,419,whiscash,1,false,,0,2025-12-07 00:04:53,2025-12-07 00:04:53,false
267,1,420,corphish,1,false,,0,2025-12-07 00:04:53,2025-12-07 00:04:53,false
268,1,421,crawdaunt,5,true,10,0,2025-12-07 00:04:53,2025-12-07 02:41:45,false
269,1,428,feebas,1,false,,0,2025-12-07 00:04:53,2025-12-07 00:04:53,false
270,1,429,milotic,12,false,,0,2025-12-07 00:04:53,2025-12-07 00:04:53,false
271,1,435,shuppet,1,false,,0,2025-12-07 00:04:53,2025-12-07 00:04:53,false
272,1,436,banette,1,false,,0,2025-12-07 00:04:53,2025-12-07 00:04:53,false
273,1,438,duskull,1,false,,0,2025-12-07 00:04:53,2025-12-07 00:04:53,false
274,1,439,dusclops,11,true,3,0,2025-12-07 00:04:53,2025-12-07 01:50:09,false
275,1,440,tropius,1,false,,0,2025-12-07 00:04:53,2025-12-07 00:04:53,false
276,1,441,chimecho,1,false,,0,2025-12-07 00:04:53,2025-12-07 00:04:53,false
277,1,445,snorunt,1,false,,0,2025-12-07 00:04:53,2025-12-07 00:04:53,false
278,1,446,glalie,2,false,,0,2025-12-07 00:04:53,2025-12-07 00:04:53,false
279,1,455,luvdisc,1,false,,0,2025-12-07 00:04:53,2025-12-07 00:04:53,false
280,1,456,bagon,1,false,,0,2025-12-07 00:04:53,2025-12-07 00:04:53,false
281,1,457,shelgon,1,false,,0,2025-12-07 00:04:53,2025-12-07 00:04:53,false
282,1,458,salamence,12,true,11,0,2025-12-07 00:04:53,2025-12-07 02:01:07,false
283,1,460,beldum,1,false,,0,2025-12-07 00:04:53,2025-12-07 00:04:53,false
284,1,461,metang,1,false,,0,2025-12-07 00:04:53,2025-12-07 00:04:53,false
285,1,462,metagross,15,true,12,0,2025-12-07 00:04:53,2025-12-07 01:02:39,false
286,1,464,regirock,7,false,,0,2025-12-07 00:04:53,2025-12-07 00:04:53,false
287,1,465,regice,4,false,,0,2025-12-07 00:04:53,2025-12-07 00:04:53,false
288,1,466,registeel,9,false,,0,2025-12-07 00:04:53,2025-12-07 00:04:53,false
289,1,467,latias,13,false,,0,2025-12-07 00:04:53,2025-12-07 00:04:53,false
290,1,469,latios,13,false,,0,2025-12-07 00:04:53,2025-12-07 00:04:53,false
291,1,477,jirachi,14,false,,0,2025-12-07 00:04:53,2025-12-07 02:17:23,false
292,1,480,deoxys-defense,12,false,,0,2025-12-07 00:04:53,2025-12-07 00:04:53,false
293,1,481,deoxys-speed,17,false,,0,2025-12-07 00:04:53,2025-12-07 00:04:53,false
294,1,482,turtwig,1,false,,0,2025-12-07 00:04:53,2025-12-07 00:04:53,false
295,1,483,grotle,1,false,,0,2025-12-07 00:04:53,2025-12-07 00:04:53,false
296,1,484,torterra,7,false,,0,2025-12-07 00:04:53,2025-12-07 00:04:53,false
297,1,485,chimchar,1,false,,0,2025-12-07 00:04:53,2025-12-07 00:04:53,false
298,1,486,monferno,1,false,,0,2025-12-07 00:04:53,2025-12-07 00:04:53,false
299,1,487,infernape,11,false,,0,2025-12-07 00:04:53,2025-12-07 00:04:53,false
300,1,488,piplup,1,false,,0,2025-12-07 00:04:53,2025-12-07 00:04:53,false
301,1,489,prinplup,1,false,,0,2025-12-07 00:04:53,2025-12-07 00:04:53,false
302,1,490,empoleon,10,true,3,0,2025-12-07 00:04:53,2025-12-07 02:14:54,false
303,1,491,starly,1,false,,0,2025-12-07 00:04:54,2025-12-07 00:04:54,false
304,1,492,staravia,1,false,,0,2025-12-07 00:04:54,2025-12-07 00:04:54,false
305,1,493,staraptor,9,false,,0,2025-12-07 00:04:54,2025-12-07 00:04:54,false
306,1,496,kricketot,1,false,,0,2025-12-07 00:04:54,2025-12-07 00:04:54,false
307,1,497,kricketune,1,false,,0,2025-12-07 00:04:54,2025-12-07 00:04:54,false
308,1,498,shinx,1,false,,0,2025-12-07 00:04:54,2025-12-07 00:04:54,false
309,1,499,luxio,1,false,,0,2025-12-07 00:04:54,2025-12-07 00:04:54,false
310,1,500,luxray,4,false,,0,2025-12-07 00:04:54,2025-12-07 00:04:54,false
311,1,503,cranidos,1,false,,0,2025-12-07 00:04:54,2025-12-07 00:04:54,false
312,1,504,rampardos,2,false,,0,2025-12-07 00:04:54,2025-12-07 00:04:54,false
313,1,505,shieldon,1,false,,0,2025-12-07 00:04:54,2025-12-07 00:04:54,false
314,1,506,bastiodon,2,false,,0,2025-12-07 00:04:54,2025-12-07 00:04:54,false
315,1,512,combee,1,false,,0,2025-12-07 00:04:54,2025-12-07 00:04:54,false
316,1,513,vespiquen,1,false,,0,2025-12-07 00:04:54,2025-12-07 00:04:54,false
317,1,514,pachirisu,9,false,,0,2025-12-07 00:04:54,2025-12-07 00:04:54,false
318,1,515,buizel,1,false,,0,2025-12-07 00:04:54,2025-12-07 00:04:54,false
319,1,516,floatzel,6,false,,0,2025-12-07 00:04:54,2025-12-07 00:04:54,false
320,1,520,shellos,1,false,,0,2025-12-07 00:04:54,2025-12-07 00:04:54,false
321,1,521,gastrodon,11,true,4,0,2025-12-07 00:04:54,2025-12-07 01:49:33,false
322,1,522,ambipom,7,false,,0,2025-12-07 00:04:54,2025-12-07 00:04:54,false
323,1,523,drifloon,1,false,,0,2025-12-07 00:04:54,2025-12-07 00:04:54,false
324,1,524,drifblim,8,false,,0,2025-12-07 00:04:54,2025-12-07 00:04:54,false
325,1,528,mismagius,6,false,,0,2025-12-07 00:04:54,2025-12-07 00:04:54,false
326,1,529,honchkrow,3,false,,0,2025-12-07 00:04:54,2025-12-07 00:04:54,false
327,1,532,chingling,1,false,,0,2025-12-07 00:04:54,2025-12-07 00:04:54,false
328,1,533,stunky,1,false,,0,2025-12-07 00:04:54,2025-12-07 00:04:54,false
329,1,534,skuntank,4,false,,0,2025-12-07 00:04:54,2025-12-07 00:04:54,false
330,1,535,bronzor,1,false,,0,2025-12-07 00:04:54,2025-12-07 02:49:05,false
331,1,536,bronzong,13,false,,0,2025-12-07 00:04:54,2025-12-07 02:25:59,false
332,1,539,happiny,1,false,,0,2025-12-07 00:04:54,2025-12-07 00:04:54,false
333,1,541,spiritomb,7,false,,0,2025-12-07 00:04:54,2025-12-07 00:04:54,false
334,1,542,gible,1,false,,0,2025-12-07 00:04:54,2025-12-07 00:04:54,false
335,1,543,gabite,1,false,,0,2025-12-07 00:04:54,2025-12-07 00:04:54,false
336,1,544,garchomp,15,false,,0,2025-12-07 00:04:54,2025-12-07 00:04:54,false
337,1,546,munchlax,1,false,,0,2025-12-07 00:04:54,2025-12-07 00:04:54,false
338,1,547,riolu,2,false,,0,2025-12-07 00:04:54,2025-12-07 00:04:54,false
339,1,548,lucario,7,false,,0,2025-12-07 00:04:54,2025-12-07 00:04:54,false
340,1,550,hippopotas,1,false,,0,2025-12-07 00:04:54,2025-12-07 00:04:54,false
341,1,551,hippowdon,10,false,,0,2025-12-07 00:04:54,2025-12-07 00:04:54,false
342,1,554,croagunk,1,false,,0,2025-12-07 00:04:54,2025-12-07 00:04:54,false
343,1,555,toxicroak,5,false,,0,2025-12-07 00:04:54,2025-12-07 00:04:54,false
344,1,560,snover,1,false,,0,2025-12-07 00:04:54,2025-12-07 00:04:54,false
345,1,561,abomasnow,8,false,,0,2025-12-07 00:04:54,2025-12-07 00:04:54,false
346,1,563,weavile,12,false,,0,2025-12-07 00:04:54,2025-12-07 00:04:54,false
347,1,564,magnezone,7,true,4,0,2025-12-07 00:04:54,2025-12-07 02:13:50,false
348,1,566,rhyperior,9,false,,0,2025-12-07 00:04:54,2025-12-07 00:04:54,false
349,1,568,electivire,8,false,,0,2025-12-07 00:04:54,2025-12-07 00:04:54,false
350,1,569,magmortar,8,false,,0,2025-12-07 00:04:54,2025-12-07 00:04:54,false
351,1,571,yanmega,4,false,,0,2025-12-07 00:04:54,2025-12-07 00:04:54,false
352,1,572,leafeon,2,false,,0,2025-12-07 00:04:54,2025-12-07 00:04:54,false
353,1,573,glaceon,3,false,,0,2025-12-07 00:04:54,2025-12-07 00:04:54,false
354,1,574,gliscor,7,false,,0,2025-12-07 00:04:54,2025-12-07 00:04:54,false
355,1,575,mamoswine,12,false,,0,2025-12-07 00:04:54,2025-12-07 01:14:26,false
356,1,576,porygon-z,11,false,,0,2025-12-07 00:04:54,2025-12-07 00:04:54,false
357,1,577,gallade,8,false,,0,2025-12-07 00:04:54,2025-12-07 00:04:54,false
358,1,579,probopass,2,false,,0,2025-12-07 00:04:54,2025-12-07 00:04:54,false
359,1,580,dusknoir,6,false,,0,2025-12-07 00:04:54,2025-12-07 00:04:54,false
360,1,581,froslass,5,false,,0,2025-12-07 00:04:54,2025-12-07 00:04:54,false
361,1,582,rotom,4,false,,0,2025-12-07 00:04:54,2025-12-07 00:04:54,false
362,1,583,rotom-heat,12,false,,0,2025-12-07 00:04:54,2025-12-07 00:04:54,false
363,1,584,rotom-wash,14,false,,0,2025-12-07 00:04:54,2025-12-07 00:04:54,false
364,1,585,rotom-frost,6,false,,0,2025-12-07 00:04:54,2025-12-07 00:04:54,false
365,1,586,rotom-fan,5,false,,0,2025-12-07 00:04:54,2025-12-07 00:04:54,false
366,1,587,rotom-mow,9,false,,0,2025-12-07 00:04:54,2025-12-07 00:04:54,false
367,1,588,uxie,9,false,,0,2025-12-07 00:04:54,2025-12-07 00:04:54,false
368,1,589,mesprit,9,false,,0,2025-12-07 00:04:54,2025-12-07 00:04:54,false
369,1,590,azelf,8,false,,0,2025-12-07 00:04:54,2025-12-07 00:04:54,false
370,1,595,heatran,14,false,,0,2025-12-07 00:04:54,2025-12-07 00:04:54,false
371,1,596,regigigas,7,false,,0,2025-12-07 00:04:54,2025-12-07 00:04:54,false
372,1,599,cresselia,15,false,,0,2025-12-07 00:04:54,2025-12-07 00:04:54,false
373,1,600,phione,4,false,,0,2025-12-07 00:04:54,2025-12-07 00:04:54,false
374,1,601,manaphy,17,false,,0,2025-12-07 00:04:54,2025-12-07 00:04:54,false
375,1,603,shaymin,10,false,,0,2025-12-07 00:04:54,2025-12-07 00:04:54,false
376,1,604,shaymin-sky,16,false,,0,2025-12-07 00:04:54,2025-12-07 00:04:54,false
377,1,624,snivy,1,false,,0,2025-12-07 00:04:54,2025-12-07 00:04:54,false
378,1,625,servine,1,false,,0,2025-12-07 00:04:54,2025-12-07 00:04:54,false
379,1,626,serperior,10,false,,0,2025-12-07 00:04:54,2025-12-07 00:04:54,false
380,1,627,tepig,1,false,,0,2025-12-07 00:04:54,2025-12-07 00:04:54,false
381,1,628,pignite,1,false,,0,2025-12-07 00:04:54,2025-12-07 00:04:54,false
382,1,629,emboar,7,false,,0,2025-12-07 00:04:54,2025-12-07 00:04:54,false
383,1,630,oshawott,1,false,,0,2025-12-07 00:04:54,2025-12-07 00:04:54,false
384,1,631,dewott,1,false,,0,2025-12-07 00:04:54,2025-12-07 00:04:54,false
385,1,632,samurott,2,false,,0,2025-12-07 00:04:54,2025-12-07 00:04:54,false
386,1,633,samurott-hisui,7,true,3,0,2025-12-07 00:04:54,2025-12-07 01:51:44,false
387,1,652,blitzle,1,false,,0,2025-12-07 00:04:54,2025-12-07 00:04:54,false
388,1,653,zebstrika,2,false,,0,2025-12-07 00:04:54,2025-12-07 00:04:54,false
389,1,659,drilbur,1,false,,0,2025-12-07 00:04:54,2025-12-07 00:04:54,false
390,1,660,excadrill,12,false,,0,2025-12-07 00:04:54,2025-12-07 00:04:54,false
391,1,663,timburr,1,false,,0,2025-12-07 00:04:54,2025-12-07 00:04:54,false
392,1,664,gurdurr,3,false,,0,2025-12-07 00:04:54,2025-12-07 00:04:54,false
393,1,665,conkeldurr,10,false,,0,2025-12-07 00:04:54,2025-12-07 00:04:54,false
394,1,671,sewaddle,1,false,,0,2025-12-07 00:04:54,2025-12-07 00:04:54,false
395,1,672,swadloon,1,false,,0,2025-12-07 00:04:54,2025-12-07 00:04:54,false
396,1,673,leavanny,1,false,,0,2025-12-07 00:04:54,2025-12-07 00:04:54,false
397,1,677,cottonee,7,false,,0,2025-12-07 00:04:54,2025-12-07 00:04:54,false
398,1,678,whimsicott,20,true,6,0,2025-12-07 00:04:54,2025-12-07 02:32:01,false
399,1,680,lilligant,9,false,,0,2025-12-07 00:04:54,2025-12-07 00:04:54,false
400,1,681,lilligant-hisui,11,true,2,0,2025-12-07 00:04:54,2025-12-07 01:14:41,false
401,1,682,basculin,2,false,,0,2025-12-07 00:04:54,2025-12-07 00:04:54,false
402,1,685,sandile,1,false,,0,2025-12-07 00:04:54,2025-12-07 00:04:54,false
403,1,686,krokorok,1,false,,0,2025-12-07 00:04:54,2025-12-07 00:04:54,false
404,1,687,krookodile,13,false,,0,2025-12-07 00:04:54,2025-12-07 00:04:54,false
405,1,697,scraggy,1,true,3,0,2025-12-07 00:04:54,2025-12-07 02:17:59,false
406,1,698,scrafty,10,false,,0,2025-12-07 00:04:54,2025-12-07 00:04:54,false
407,1,709,zorua,1,false,,0,2025-12-07 00:04:54,2025-12-07 00:04:54,false
408,1,710,zorua-hisui,1,false,,0,2025-12-07 00:04:54,2025-12-07 00:04:54,false
409,1,711,zoroark,7,false,,0,2025-12-07 00:04:54,2025-12-07 00:04:54,false
410,1,712,zoroark-hisui,9,true,12,0,2025-12-07 00:04:54,2025-12-07 01:16:46,false
411,1,713,minccino,1,false,,0,2025-12-07 00:04:54,2025-12-07 00:04:54,false
412,1,714,cinccino,2,false,,0,2025-12-07 00:04:54,2025-12-07 00:04:54,false
413,1,715,gothita,1,false,,0,2025-12-07 00:04:54,2025-12-07 00:04:54,false
414,1,716,gothorita,10,false,,0,2025-12-07 00:04:54,2025-12-07 00:04:54,false
415,1,717,gothitelle,14,false,,0,2025-12-07 00:04:54,2025-12-07 00:04:54,false
416,1,718,solosis,1,false,,0,2025-12-07 00:04:54,2025-12-07 00:04:54,false
417,1,719,duosion,1,false,,0,2025-12-07 00:04:54,2025-12-07 00:04:54,false
418,1,720,reuniclus,11,false,,0,2025-12-07 00:04:54,2025-12-07 00:04:54,false
419,1,721,ducklett,1,false,,0,2025-12-07 00:04:54,2025-12-07 00:04:54,false
420,1,722,swanna,1,false,,0,2025-12-07 00:04:54,2025-12-07 00:04:54,false
421,1,726,deerling,1,false,,0,2025-12-07 00:04:54,2025-12-07 00:04:54,false
422,1,727,sawsbuck,1,false,,0,2025-12-07 00:04:54,2025-12-07 00:04:54,false
423,1,731,foongus,4,true,11,0,2025-12-07 00:04:54,2025-12-07 02:38:36,false
424,1,732,amoonguss,16,true,10,0,2025-12-07 00:04:54,2025-12-07 01:00:38,false
425,1,735,alomomola,3,false,,0,2025-12-07 00:04:54,2025-12-07 00:04:54,false
426,1,736,joltik,1,false,,0,2025-12-07 00:04:54,2025-12-07 00:04:54,false
427,1,737,galvantula,5,false,,0,2025-12-07 00:04:54,2025-12-07 00:04:54,false
428,1,743,tynamo,1,false,,0,2025-12-07 00:04:54,2025-12-07 00:04:54,false
429,1,744,eelektrik,1,false,,0,2025-12-07 00:04:54,2025-12-07 00:04:54,false
430,1,745,eelektross,6,false,,0,2025-12-07 00:04:54,2025-12-07 00:04:54,false
431,1,748,litwick,1,false,,0,2025-12-07 00:04:54,2025-12-07 00:04:54,false
432,1,749,lampent,1,false,,0,2025-12-07 00:04:54,2025-12-07 00:04:54,false
433,1,750,chandelure,10,false,,0,2025-12-07 00:04:54,2025-12-07 00:04:54,false
434,1,751,axew,1,false,,0,2025-12-07 00:04:54,2025-12-07 00:04:54,false
435,1,752,fraxure,1,false,,0,2025-12-07 00:04:54,2025-12-07 00:04:54,false
436,1,753,haxorus,8,false,,0,2025-12-07 00:04:54,2025-12-07 00:04:54,false
437,1,754,cubchoo,1,false,,0,2025-12-07 00:04:54,2025-12-07 00:04:54,false
438,1,755,beartic,4,false,,0,2025-12-07 00:04:54,2025-12-07 00:04:54,false
439,1,756,cryogonal,2,false,,0,2025-12-07 00:04:54,2025-12-07 00:04:54,false
440,1,761,mienfoo,1,false,,0,2025-12-07 00:04:54,2025-12-07 00:04:54,false
441,1,762,mienshao,13,false,,0,2025-12-07 00:04:54,2025-12-07 00:04:54,false
442,1,764,golett,1,false,,0,2025-12-07 00:04:54,2025-12-07 00:04:54,false
443,1,765,golurk,6,false,,0,2025-12-07 00:04:54,2025-12-07 00:04:54,false
444,1,766,pawniard,1,false,,0,2025-12-07 00:04:54,2025-12-07 00:04:54,false
445,1,767,bisharp,8,false,,0,2025-12-07 00:04:54,2025-12-07 00:04:54,false
446,1,769,rufflet,1,false,,0,2025-12-07 00:04:54,2025-12-07 00:04:54,false
447,1,770,braviary,6,false,,0,2025-12-07 00:04:54,2025-12-07 00:04:54,false
448,1,771,braviary-hisui,5,false,,0,2025-12-07 00:04:54,2025-12-07 00:04:54,false
449,1,772,vullaby,1,false,,0,2025-12-07 00:04:54,2025-12-07 00:04:54,false
450,1,773,mandibuzz,6,false,,0,2025-12-07 00:04:54,2025-12-07 00:04:54,false
451,1,776,deino,1,false,,0,2025-12-07 00:04:54,2025-12-07 00:04:54,false
452,1,777,zweilous,1,false,,0,2025-12-07 00:04:54,2025-12-07 00:04:54,false
453,1,778,hydreigon,11,false,,0,2025-12-07 00:04:54,2025-12-07 00:04:54,false
454,1,779,larvesta,1,false,,0,2025-12-07 00:04:54,2025-12-07 00:04:54,false
455,1,780,volcarona,16,true,8,0,2025-12-07 00:04:54,2025-12-07 01:00:32,false
456,1,781,cobalion,11,false,,0,2025-12-07 00:04:54,2025-12-07 00:04:54,false
457,1,782,terrakion,12,false,,0,2025-12-07 00:04:54,2025-12-07 00:04:54,false
458,1,783,virizion,4,false,,0,2025-12-07 00:04:54,2025-12-07 00:04:54,false
459,1,784,tornadus,19,true,6,0,2025-12-07 00:04:54,2025-12-07 00:56:06,false
460,1,785,tornadus-therian,13,false,,0,2025-12-07 00:04:54,2025-12-07 00:04:54,false
461,1,786,thundurus,16,false,,0,2025-12-07 00:04:54,2025-12-07 00:04:54,false
462,1,787,thundurus-therian,14,false,,0,2025-12-07 00:04:54,2025-12-07 00:04:54,false
463,1,790,landorus,17,true,7,0,2025-12-07 00:04:54,2025-12-07 00:54:54,false
464,1,791,landorus-therian,18,true,9,0,2025-12-07 00:04:54,2025-12-07 00:55:37,false
465,1,795,keldeo,14,false,,0,2025-12-07 00:04:54,2025-12-07 00:04:54,false
466,1,797,meloetta,10,false,,0,2025-12-07 00:04:54,2025-12-07 00:04:54,false
467,1,804,chespin,1,false,,0,2025-12-07 00:04:54,2025-12-07 00:04:54,false
468,1,805,quilladin,2,false,,0,2025-12-07 00:04:54,2025-12-07 00:04:54,false
469,1,806,chesnaught,5,false,,0,2025-12-07 00:04:54,2025-12-07 00:04:54,false
470,1,807,fennekin,1,false,,0,2025-12-07 00:04:54,2025-12-07 00:04:54,false
471,1,808,braixen,1,false,,0,2025-12-07 00:04:54,2025-12-07 00:04:54,false
472,1,809,delphox,5,false,,0,2025-12-07 00:04:54,2025-12-07 00:04:54,false
473,1,810,froakie,1,false,,0,2025-12-07 00:04:54,2025-12-07 00:04:54,false
474,1,811,frogadier,1,false,,0,2025-12-07 00:04:54,2025-12-07 00:04:54,false
475,1,812,greninja,10,true,8,0,2025-12-07 00:04:54,2025-12-07 02:46:28,false
476,1,817,fletchling,1,false,,0,2025-12-07 00:04:54,2025-12-07 02:25:23,false
477,1,818,fletchinder,2,true,2,0,2025-12-07 00:04:54,2025-12-07 00:04:54,false
478,1,819,talonflame,16,true,4,0,2025-12-07 00:04:54,2025-12-07 00:04:54,false
479,1,820,scatterbug,1,false,,0,2025-12-07 00:04:54,2025-12-07 00:04:54,false
480,1,821,spewpa,2,false,,0,2025-12-07 00:04:54,2025-12-07 00:04:54,false
481,1,822,vivillon,10,false,,0,2025-12-07 00:04:54,2025-12-07 00:04:54,false
482,1,825,litleo,1,false,,0,2025-12-07 00:04:54,2025-12-07 00:04:54,false
483,1,826,pyroar,2,false,,0,2025-12-07 00:04:54,2025-12-07 00:04:54,false
484,1,827,flabebe,1,false,,0,2025-12-07 00:04:54,2025-12-07 00:04:54,false
485,1,828,floette,1,false,,0,2025-12-07 00:04:54,2025-12-07 00:04:54,false
486,1,830,florges,7,false,,0,2025-12-07 00:04:54,2025-12-07 00:04:54,false
487,1,831,skiddo,1,false,,0,2025-12-07 00:04:54,2025-12-07 00:04:54,false
488,1,832,gogoat,2,false,,0,2025-12-07 00:04:54,2025-12-07 00:04:54,false
489,1,836,espurr,1,false,,0,2025-12-07 00:04:54,2025-12-07 00:04:54,false
490,1,838,meowstic,11,true,9,0,2025-12-07 00:04:54,2025-12-07 00:04:54,false
491,1,839,meowstic-f,2,false,,0,2025-12-07 00:04:54,2025-12-07 00:04:54,false
492,1,848,inkay,1,false,,0,2025-12-07 00:04:54,2025-12-07 00:04:54,false
493,1,849,malamar,4,false,,0,2025-12-07 00:04:54,2025-12-07 00:04:54,false
494,1,852,skrelp,1,false,,0,2025-12-07 00:04:54,2025-12-07 00:04:54,false
495,1,853,dragalge,9,false,,0,2025-12-07 00:04:54,2025-12-07 00:04:54,false
496,1,854,clauncher,1,false,,0,2025-12-07 00:04:54,2025-12-07 00:04:54,false
497,1,855,clawitzer,4,false,,0,2025-12-07 00:04:54,2025-12-07 00:04:54,false
498,1,862,sylveon,14,false,,0,2025-12-07 00:04:54,2025-12-07 00:04:54,false
499,1,863,hawlucha,7,false,,0,2025-12-07 00:04:55,2025-12-07 00:04:55,false
500,1,864,dedenne,1,false,,0,2025-12-07 00:04:55,2025-12-07 00:04:55,false
501,1,865,carbink,2,false,,0,2025-12-07 00:04:55,2025-12-07 00:04:55,false
502,1,866,goomy,1,false,,0,2025-12-07 00:04:55,2025-12-07 00:04:55,false
503,1,867,sliggoo,1,false,,0,2025-12-07 00:04:55,2025-12-07 00:04:55,false
504,1,868,sliggoo-hisui,2,false,,0,2025-12-07 00:04:55,2025-12-07 00:04:55,false
505,1,869,goodra,9,false,,0,2025-12-07 00:04:55,2025-12-07 00:04:55,false
506,1,870,goodra-hisui,13,false,,0,2025-12-07 00:04:55,2025-12-07 00:04:55,false
507,1,871,klefki,12,false,,0,2025-12-07 00:04:55,2025-12-07 00:04:55,false
508,1,872,phantump,1,false,,0,2025-12-07 00:04:55,2025-12-07 00:04:55,false
509,1,873,trevenant,3,false,,0,2025-12-07 00:04:55,2025-12-07 00:04:55,false
510,1,882,bergmite,1,false,,0,2025-12-07 00:04:55,2025-12-07 00:04:55,false
511,1,883,avalugg,2,false,,0,2025-12-07 00:04:55,2025-12-07 00:04:55,false
512,1,884,avalugg-hisui,2,false,,0,2025-12-07 00:04:55,2025-12-07 00:04:55,false
513,1,885,noibat,1,false,,0,2025-12-07 00:04:55,2025-12-07 00:04:55,false
514,1,886,noivern,9,false,,0,2025-12-07 00:04:55,2025-12-07 00:04:55,false
515,1,892,diancie,18,false,,0,2025-12-07 00:04:55,2025-12-07 00:04:55,false
516,1,894,hoopa,9,false,,0,2025-12-07 00:04:55,2025-12-07 00:04:55,false
517,1,895,hoopa-unbound,16,false,,0,2025-12-07 00:04:55,2025-12-07 00:04:55,false
518,1,896,volcanion,19,false,,0,2025-12-07 00:04:55,2025-12-07 00:54:05,false
519,1,897,rowlet,1,false,,0,2025-12-07 00:04:55,2025-12-07 00:04:55,false
520,1,898,dartrix,1,false,,0,2025-12-07 00:04:55,2025-12-07 00:04:55,false
521,1,899,decidueye,6,false,,0,2025-12-07 00:04:55,2025-12-07 00:04:55,false
522,1,900,decidueye-hisui,5,false,,0,2025-12-07 00:04:55,2025-12-07 00:04:55,false
523,1,901,litten,1,false,,0,2025-12-07 00:04:55,2025-12-07 00:04:55,false
524,1,902,torracat,8,false,,0,2025-12-07 00:04:55,2025-12-07 00:04:55,false
525,1,903,incineroar,17,true,3,0,2025-12-07 00:04:55,2025-12-07 01:01:39,false
526,1,904,popplio,1,false,,0,2025-12-07 00:04:55,2025-12-07 00:04:55,false
527,1,905,brionne,1,false,,0,2025-12-07 00:04:55,2025-12-07 00:04:55,false
528,1,906,primarina,15,true,9,0,2025-12-07 00:04:55,2025-12-07 00:55:43,false
529,1,907,pikipek,1,false,,0,2025-12-07 00:04:55,2025-12-07 00:04:55,false
530,1,908,trumbeak,1,false,,0,2025-12-07 00:04:55,2025-12-07 00:04:55,false
531,1,909,toucannon,1,false,,0,2025-12-07 00:04:55,2025-12-07 00:04:55,false
532,1,910,yungoos,1,false,,0,2025-12-07 00:04:55,2025-12-07 00:04:55,false
533,1,911,gumshoos,1,false,,0,2025-12-07 00:04:55,2025-12-07 00:04:55,false
534,1,912,grubbin,1,false,,0,2025-12-07 00:04:55,2025-12-07 00:04:55,false
535,1,913,charjabug,1,false,,0,2025-12-07 00:04:55,2025-12-07 00:04:55,false
536,1,914,vikavolt,7,false,,0,2025-12-07 00:04:55,2025-12-07 00:04:55,false
537,1,915,crabrawler,1,false,,0,2025-12-07 00:04:55,2025-12-07 00:04:55,false
538,1,916,crabominable,3,false,,0,2025-12-07 00:04:55,2025-12-07 00:04:55,false
539,1,917,oricorio,6,false,,0,2025-12-07 00:04:55,2025-12-07 00:04:55,false
540,1,921,cutiefly,1,false,,0,2025-12-07 00:04:55,2025-12-07 00:04:55,false
541,1,922,ribombee,8,false,,0,2025-12-07 00:04:55,2025-12-07 00:04:55,false
542,1,924,lycanroc,9,true,12,0,2025-12-07 00:04:55,2025-12-07 01:52:11,false
543,1,925,lycanroc-midnight,1,false,,0,2025-12-07 00:04:55,2025-12-07 00:04:55,false
544,1,926,lycanroc-dusk,9,false,,0,2025-12-07 00:04:55,2025-12-07 00:04:55,false
545,1,929,mareanie,1,false,,0,2025-12-07 00:04:55,2025-12-07 00:04:55,false
546,1,930,toxapex,3,false,,0,2025-12-07 00:04:55,2025-12-07 00:04:55,false
547,1,931,mudbray,1,false,,0,2025-12-07 00:04:55,2025-12-07 00:04:55,false
548,1,932,mudsdale,8,false,,0,2025-12-07 00:04:55,2025-12-07 02:18:44,false
549,1,933,dewpider,1,false,,0,2025-12-07 00:04:55,2025-12-07 00:04:55,false
550,1,934,araquanid,12,false,,0,2025-12-07 00:04:55,2025-12-07 00:04:55,false
551,1,935,fomantis,1,false,,0,2025-12-07 00:04:55,2025-12-07 00:04:55,false
552,1,936,lurantis,4,false,,0,2025-12-07 00:04:55,2025-12-07 00:04:55,false
553,1,939,salandit,1,false,,0,2025-12-07 00:04:55,2025-12-07 00:04:55,false
554,1,940,salazzle,11,false,,0,2025-12-07 00:04:55,2025-12-07 00:04:55,false
555,1,943,bounsweet,1,false,,0,2025-12-07 00:04:55,2025-12-07 00:04:55,false
556,1,944,steenee,1,false,,0,2025-12-07 00:04:55,2025-12-07 00:04:55,false
557,1,945,tsareena,12,true,13,0,2025-12-07 00:04:55,2025-12-07 02:10:20,false
558,1,946,comfey,13,false,,0,2025-12-07 00:04:55,2025-12-07 00:04:55,false
559,1,947,oranguru,12,false,,0,2025-12-07 00:04:55,2025-12-07 00:04:55,false
560,1,948,passimian,6,false,,0,2025-12-07 00:04:55,2025-12-07 00:04:55,false
561,1,951,sandygast,1,false,,0,2025-12-07 00:04:55,2025-12-07 00:04:55,false
562,1,952,palossand,5,false,,0,2025-12-07 00:04:55,2025-12-07 00:04:55,false
563,1,973,minior,3,false,,0,2025-12-07 00:04:55,2025-12-07 00:04:55,false
564,1,975,komala,2,false,,0,2025-12-07 00:04:55,2025-12-07 00:04:55,false
565,1,978,mimikyu,11,false,,0,2025-12-07 00:04:55,2025-12-07 00:04:55,false
566,1,979,bruxish,7,false,,0,2025-12-07 00:04:55,2025-12-07 00:04:55,false
567,1,982,jangmo-o,1,false,,0,2025-12-07 00:04:55,2025-12-07 00:04:55,false
568,1,983,hakamo-o,1,false,,0,2025-12-07 00:04:55,2025-12-07 00:04:55,false
569,1,984,kommo-o,13,false,,0,2025-12-07 00:04:55,2025-12-07 00:04:55,false
570,1,1014,grookey,1,false,,0,2025-12-07 00:04:55,2025-12-07 00:04:55,false
571,1,1015,thwackey,7,false,,0,2025-12-07 00:04:55,2025-12-07 00:04:55,false
572,1,1016,rillaboom,19,true,8,0,2025-12-07 00:04:55,2025-12-07 00:53:24,false
573,1,1017,scorbunny,1,false,,0,2025-12-07 00:04:55,2025-12-07 00:04:55,false
574,1,1018,raboot,1,false,,0,2025-12-07 00:04:55,2025-12-07 00:04:55,false
575,1,1019,cinderace,9,false,,0,2025-12-07 00:04:55,2025-12-07 00:04:55,false
576,1,1020,sobble,1,false,,0,2025-12-07 00:04:55,2025-12-07 00:04:55,false
577,1,1021,drizzile,1,false,,0,2025-12-07 00:04:55,2025-12-07 00:04:55,false
578,1,1022,inteleon,7,true,4,0,2025-12-07 00:04:55,2025-12-07 02:42:33,false
579,1,1023,skwovet,1,false,,0,2025-12-07 00:04:55,2025-12-07 00:04:55,false
580,1,1024,greedent,2,false,,0,2025-12-07 00:04:55,2025-12-07 00:04:55,false
581,1,1025,rookidee,1,false,,0,2025-12-07 00:04:55,2025-12-07 00:04:55,false
582,1,1026,corvisquire,1,false,,0,2025-12-07 00:04:55,2025-12-07 00:04:55,false
583,1,1027,corviknight,10,false,,0,2025-12-07 00:04:55,2025-12-07 02:06:51,false
584,1,1037,chewtle,1,false,,0,2025-12-07 00:04:55,2025-12-07 00:04:55,false
585,1,1038,drednaw,6,false,,0,2025-12-07 00:04:55,2025-12-07 00:04:55,false
586,1,1041,rolycoly,1,false,,0,2025-12-07 00:04:55,2025-12-07 00:04:55,false
587,1,1042,carkol,1,false,,0,2025-12-07 00:04:55,2025-12-07 00:04:55,false
588,1,1043,coalossal,2,false,,0,2025-12-07 00:04:55,2025-12-07 00:04:55,false
589,1,1044,applin,1,true,1,0,2025-12-07 00:04:55,2025-12-07 01:51:35,false
590,1,1045,flapple,4,true,7,0,2025-12-07 00:04:55,2025-12-07 02:29:58,false
591,1,1046,appletun,5,false,,0,2025-12-07 00:04:55,2025-12-07 00:04:55,false
592,1,1047,silicobra,1,false,,0,2025-12-07 00:04:55,2025-12-07 00:04:55,false
593,1,1048,sandaconda,3,false,,0,2025-12-07 00:04:55,2025-12-07 00:04:55,false
594,1,1049,cramorant,2,false,,0,2025-12-07 00:04:55,2025-12-07 00:04:55,false
595,1,1050,arrokuda,1,false,,0,2025-12-07 00:04:55,2025-12-07 00:04:55,false
596,1,1051,barraskewda,9,false,,0,2025-12-07 00:04:55,2025-12-07 00:04:55,false
597,1,1052,toxel,1,false,,0,2025-12-07 00:04:55,2025-12-07 00:04:55,false
598,1,1053,toxtricity,9,false,,0,2025-12-07 00:04:55,2025-12-07 00:04:55,false
599,1,1059,sinistea,1,false,,0,2025-12-07 00:04:55,2025-12-07 00:04:55,false
600,1,1060,polteageist,4,false,,0,2025-12-07 00:04:55,2025-12-07 00:04:55,false
601,1,1061,hatenna,1,false,,0,2025-12-07 00:04:55,2025-12-07 00:04:55,false
602,1,1062,hattrem,1,false,,0,2025-12-07 00:04:55,2025-12-07 00:04:55,false
603,1,1063,hatterene,13,false,,0,2025-12-07 00:04:55,2025-12-07 00:04:55,false
604,1,1064,impidimp,1,false,,0,2025-12-07 00:04:55,2025-12-07 00:04:55,false
605,1,1065,morgrem,4,false,,0,2025-12-07 00:04:55,2025-12-07 00:04:55,false
606,1,1066,grimmsnarl,15,true,4,0,2025-12-07 00:04:55,2025-12-07 01:05:50,false
607,1,1068,perrserker,5,false,,0,2025-12-07 00:04:55,2025-12-07 00:04:55,false
608,1,1073,milcery,1,false,,0,2025-12-07 00:04:55,2025-12-07 00:04:55,false
609,1,1074,alcremie,5,true,9,0,2025-12-07 00:04:55,2025-12-07 01:37:41,false
610,1,1075,falinks,4,false,,0,2025-12-07 00:04:55,2025-12-07 01:35:17,false
611,1,1076,pincurchin,4,true,6,0,2025-12-07 00:04:55,2025-12-07 01:37:56,false
612,1,1077,snom,1,true,1,0,2025-12-07 00:04:55,2025-12-07 02:43:32,false
613,1,1078,frosmoth,4,true,9,0,2025-12-07 00:04:55,2025-12-07 02:49:00,false
614,1,1079,stonjourner,2,false,,0,2025-12-07 00:04:55,2025-12-07 00:04:55,false
615,1,1080,eiscue,1,false,,0,2025-12-07 00:04:55,2025-12-07 00:04:55,false
616,1,1083,indeedee,10,true,11,0,2025-12-07 00:04:55,2025-12-07 01:08:42,false
617,1,1084,indeedee-f,17,true,2,0,2025-12-07 00:04:55,2025-12-07 00:59:31,false
618,1,1085,morpeko,2,false,,0,2025-12-07 00:04:55,2025-12-07 00:04:55,false
619,1,1087,cufant,1,false,,0,2025-12-07 00:04:55,2025-12-07 00:04:55,false
620,1,1088,copperajah,8,false,,0,2025-12-07 00:04:55,2025-12-07 00:04:55,false
621,1,1093,duraludon,4,true,11,0,2025-12-07 00:04:55,2025-12-07 02:25:39,false
622,1,1094,dreepy,1,false,,0,2025-12-07 00:04:55,2025-12-07 00:04:55,false
623,1,1095,drakloak,1,false,,0,2025-12-07 00:04:55,2025-12-07 00:04:55,false
624,1,1096,dragapult,16,true,9,0,2025-12-07 00:04:55,2025-12-07 01:11:42,false
625,1,1103,kubfu,1,true,9,0,2025-12-07 00:04:55,2025-12-07 02:31:51,false
626,1,1104,urshifu,20,true,11,0,2025-12-07 00:04:55,2025-12-07 00:53:46,false
627,1,1105,urshifu-rapid-strike,20,true,12,0,2025-12-07 00:04:55,2025-12-07 00:50:59,false
628,1,1106,zarude,14,false,,0,2025-12-07 00:04:55,2025-12-07 00:04:55,false
629,1,1108,regieleki,15,true,10,0,2025-12-07 00:04:55,2025-12-07 01:31:30,false
630,1,1109,regidrago,15,false,,0,2025-12-07 00:04:55,2025-12-07 00:04:55,false
631,1,1110,glastrier,10,false,,0,2025-12-07 00:04:55,2025-12-07 00:04:55,false
632,1,1111,spectrier,15,false,,0,2025-12-07 00:04:55,2025-12-07 00:04:55,false
633,1,1115,wyrdeer,4,false,,0,2025-12-07 00:04:55,2025-12-07 00:04:55,false
634,1,1116,kleavor,8,true,8,0,2025-12-07 00:04:55,2025-12-07 01:14:51,false
635,1,1117,ursaluna,18,true,2,0,2025-12-07 00:04:55,2025-12-07 00:04:55,false
636,1,1118,ursaluna-bloodmoon,19,false,,0,2025-12-07 00:04:55,2025-12-07 00:53:34,false
637,1,1119,basculegion,13,false,,0,2025-12-07 00:04:55,2025-12-07 00:04:55,false
638,1,1120,basculegion-f,9,false,,0,2025-12-07 00:04:55,2025-12-07 00:04:55,false
639,1,1121,sneasler,17,false,,0,2025-12-07 00:04:55,2025-12-07 00:04:55,false
640,1,1122,overqwil,10,false,,0,2025-12-07 00:04:55,2025-12-07 00:04:55,false
641,1,1123,enamorus,17,false,,0,2025-12-07 00:04:55,2025-12-07 00:04:55,false
642,1,1124,enamorus-therian,11,false,,0,2025-12-07 00:04:55,2025-12-07 00:04:55,false
643,1,1125,sprigatito,1,false,,0,2025-12-07 00:04:55,2025-12-07 00:04:55,false
644,1,1126,floragato,1,false,,0,2025-12-07 00:04:55,2025-12-07 00:04:55,false
645,1,1127,meowscarada,11,true,12,0,2025-12-07 00:04:55,2025-12-07 01:29:02,false
646,1,1128,fuecoco,1,false,,0,2025-12-07 00:04:55,2025-12-07 00:04:55,false
647,1,1129,crocalor,1,false,,0,2025-12-07 00:04:55,2025-12-07 00:04:55,false
648,1,1130,skeledirge,11,false,,0,2025-12-07 00:04:55,2025-12-07 01:29:18,false
649,1,1131,quaxly,1,false,,0,2025-12-07 00:04:55,2025-12-07 00:04:55,false
650,1,1132,quaxwell,1,false,,0,2025-12-07 00:04:55,2025-12-07 00:04:55,false
651,1,1133,quaquaval,8,false,,0,2025-12-07 00:04:55,2025-12-07 00:04:55,false
652,1,1134,lechonk,1,false,,0,2025-12-07 00:04:55,2025-12-07 00:04:55,false
653,1,1135,oinkologne,1,false,,0,2025-12-07 00:04:55,2025-12-07 00:04:55,false
654,1,1137,tarountula,1,false,,0,2025-12-07 00:04:55,2025-12-07 00:04:55,false
655,1,1138,spidops,1,true,3,0,2025-12-07 00:04:55,2025-12-07 02:43:11,false
656,1,1139,nymble,1,false,,0,2025-12-07 00:04:55,2025-12-07 00:04:55,false
657,1,1140,lokix,4,false,,0,2025-12-07 00:04:55,2025-12-07 00:04:55,false
658,1,1141,pawmi,1,false,,0,2025-12-07 00:04:55,2025-12-07 00:04:55,false
659,1,1142,pawmo,1,false,,0,2025-12-07 00:04:55,2025-12-07 00:04:55,false
660,1,1143,pawmot,9,false,,0,2025-12-07 00:04:55,2025-12-07 00:04:55,false
661,1,1144,tandemaus,1,false,,0,2025-12-07 00:04:55,2025-12-07 00:04:55,false
662,1,1145,maushold,16,false,,0,2025-12-07 00:04:55,2025-12-07 00:04:55,false
663,1,1146,fidough,1,false,,0,2025-12-07 00:04:55,2025-12-07 00:04:55,false
664,1,1147,dachsbun,3,false,,0,2025-12-07 00:04:55,2025-12-07 00:04:55,false
665,1,1148,smoliv,1,false,,0,2025-12-07 00:04:55,2025-12-07 00:04:55,false
666,1,1149,dolliv,1,false,,0,2025-12-07 00:04:55,2025-12-07 00:04:55,false
667,1,1150,arboliva,8,false,,0,2025-12-07 00:04:55,2025-12-07 00:04:55,false
668,1,1151,squawkabilly,2,false,,0,2025-12-07 00:04:55,2025-12-07 00:04:55,false
669,1,1152,nacli,1,false,,0,2025-12-07 00:04:55,2025-12-07 00:04:55,false
670,1,1153,naclstack,2,false,,0,2025-12-07 00:04:55,2025-12-07 00:04:55,false
671,1,1154,garganacl,11,false,,0,2025-12-07 00:04:55,2025-12-07 01:44:50,false
672,1,1155,charcadet,1,false,,0,2025-12-07 00:04:55,2025-12-07 00:04:55,false
673,1,1156,armarouge,12,false,,0,2025-12-07 00:04:55,2025-12-07 00:04:55,false
674,1,1157,ceruledge,11,true,11,0,2025-12-07 00:04:55,2025-12-07 01:45:15,false
675,1,1158,tadbulb,1,false,,0,2025-12-07 00:04:55,2025-12-07 00:04:55,false
676,1,1159,bellibolt,6,false,,0,2025-12-07 00:04:55,2025-12-07 00:04:55,false
677,1,1160,wattrel,1,true,1,0,2025-12-07 00:04:55,2025-12-07 02:17:35,false
678,1,1161,kilowattrel,10,true,9,0,2025-12-07 00:04:55,2025-12-07 01:11:49,false
679,1,1162,maschiff,1,false,,0,2025-12-07 00:04:55,2025-12-07 00:04:55,false
680,1,1163,mabosstiff,4,false,,0,2025-12-07 00:04:55,2025-12-07 00:04:55,false
681,1,1164,shroodle,1,false,,0,2025-12-07 00:04:55,2025-12-07 00:04:55,false
682,1,1165,grafaiai,7,false,,0,2025-12-07 00:04:55,2025-12-07 00:04:55,false
683,1,1166,bramblin,1,false,,0,2025-12-07 00:04:55,2025-12-07 00:04:55,false
684,1,1167,brambleghast,8,false,,0,2025-12-07 00:04:55,2025-12-07 00:04:55,false
685,1,1168,toedscool,2,false,,0,2025-12-07 00:04:55,2025-12-07 00:04:55,false
686,1,1169,toedscruel,6,false,,0,2025-12-07 00:04:55,2025-12-07 00:04:55,false
687,1,1170,klawf,2,false,,0,2025-12-07 00:04:55,2025-12-07 00:04:55,false
688,1,1171,capsakid,1,false,,0,2025-12-07 00:04:55,2025-12-07 00:04:55,false
689,1,1172,scovillain,8,false,,0,2025-12-07 00:04:55,2025-12-07 00:04:55,false
690,1,1173,rellor,1,false,,0,2025-12-07 00:04:55,2025-12-07 00:04:55,false
691,1,1174,rabsca,3,false,,0,2025-12-07 00:04:55,2025-12-07 00:04:55,false
692,1,1175,flittle,1,false,,0,2025-12-07 00:04:55,2025-12-07 00:04:55,false
693,1,1176,espathra,8,true,2,0,2025-12-07 00:04:55,2025-12-07 01:45:24,false
694,1,1177,tinkatink,1,false,,0,2025-12-07 00:04:55,2025-12-07 00:04:55,false
695,1,1178,tinkatuff,2,false,,0,2025-12-07 00:04:55,2025-12-07 00:04:55,false
696,1,1179,tinkaton,11,true,8,0,2025-12-07 00:04:55,2025-12-07 02:22:02,false
697,1,1180,wiglett,1,false,,0,2025-12-07 00:04:55,2025-12-07 00:04:55,false
698,1,1181,wugtrio,1,false,,0,2025-12-07 00:04:55,2025-12-07 00:04:55,false
699,1,1182,bombirdier,3,false,,0,2025-12-07 00:04:55,2025-12-07 00:04:55,false
700,1,1183,finizen,1,false,,0,2025-12-07 00:04:55,2025-12-07 00:04:55,false
701,1,1184,palafin,9,true,10,0,2025-12-07 00:04:55,2025-12-07 02:21:45,false
702,1,1186,varoom,1,false,,0,2025-12-07 00:04:55,2025-12-07 00:04:55,false
703,1,1187,revavroom,7,false,,0,2025-12-07 00:04:55,2025-12-07 00:04:55,false
704,1,1188,cyclizar,6,false,,0,2025-12-07 00:04:55,2025-12-07 00:04:55,false
705,1,1189,orthworm,5,false,,0,2025-12-07 00:04:55,2025-12-07 00:04:55,false
706,1,1190,glimmet,1,false,,0,2025-12-07 00:04:55,2025-12-07 00:04:55,false
707,1,1191,glimmora,13,false,,0,2025-12-07 00:04:55,2025-12-07 00:04:55,false
708,1,1192,greavard,1,false,,0,2025-12-07 00:04:55,2025-12-07 00:04:55,false
709,1,1193,houndstone,7,false,,0,2025-12-07 00:04:56,2025-12-07 00:04:56,false
710,1,1194,flamigo,7,true,8,0,2025-12-07 00:04:56,2025-12-07 01:59:38,false
711,1,1195,cetoddle,1,false,,0,2025-12-07 00:04:56,2025-12-07 00:04:56,false
712,1,1196,cetitan,9,false,,0,2025-12-07 00:04:56,2025-12-07 00:04:56,false
713,1,1197,veluza,3,false,,0,2025-12-07 00:04:56,2025-12-07 00:04:56,false
714,1,1198,dondozo,10,true,1,0,2025-12-07 00:04:56,2025-12-07 00:04:56,false
715,1,1199,tatsugiri,15,true,1,0,2025-12-07 00:04:56,2025-12-07 00:04:56,false
716,1,1200,annihilape,19,false,,0,2025-12-07 00:04:56,2025-12-07 00:04:56,false
717,1,1201,clodsire,3,false,,0,2025-12-07 00:04:56,2025-12-07 00:04:56,false
718,1,1202,farigiraf,14,true,4,0,2025-12-07 00:04:56,2025-12-07 01:01:03,false
719,1,1203,dudunsparce,7,false,,0,2025-12-07 00:04:56,2025-12-07 00:04:56,false
720,1,1204,kingambit,18,false,,0,2025-12-07 00:04:56,2025-12-07 00:04:56,false
721,1,1205,great-tusk,16,false,,0,2025-12-07 00:04:56,2025-12-07 00:04:56,false
722,1,1206,scream-tail,14,true,7,0,2025-12-07 00:04:56,2025-12-07 02:48:49,false
723,1,1207,brute-bonnet,11,true,1,0,2025-12-07 00:04:56,2025-12-07 01:17:50,false
724,1,1208,flutter-mane,20,true,1,0,2025-12-07 00:04:56,2025-12-07 00:48:30,false
725,1,1209,slither-wing,7,true,10,0,2025-12-07 00:04:56,2025-12-07 02:13:37,false
726,1,1210,sandy-shocks,13,true,7,0,2025-12-07 00:04:56,2025-12-07 01:36:41,false
727,1,1211,iron-treads,11,true,4,0,2025-12-07 00:04:56,2025-12-07 01:16:32,false
728,1,1212,iron-bundle,18,true,7,0,2025-12-07 00:04:56,2025-12-07 01:40:16,false
729,1,1213,iron-hands,19,true,4,0,2025-12-07 00:04:56,2025-12-07 00:51:10,false
730,1,1214,iron-jugulis,12,false,,0,2025-12-07 00:04:56,2025-12-07 00:04:56,false
731,1,1215,iron-moth,15,false,,0,2025-12-07 00:04:56,2025-12-07 00:04:56,false
732,1,1216,iron-thorns,5,false,,0,2025-12-07 00:04:56,2025-12-07 00:04:56,false
733,1,1217,frigibax,1,false,,0,2025-12-07 00:04:56,2025-12-07 00:04:56,false
734,1,1218,arctibax,1,false,,0,2025-12-07 00:04:56,2025-12-07 00:04:56,false
735,1,1219,baxcalibur,15,false,,0,2025-12-07 00:04:56,2025-12-07 01:09:42,false
736,1,1220,gimmighoul,1,false,,0,2025-12-07 00:04:56,2025-12-07 00:04:56,false
737,1,1221,gholdengo,19,true,3,0,2025-12-07 00:04:56,2025-12-07 01:02:16,false
738,1,1222,wo-chien,8,true,10,0,2025-12-07 00:04:56,2025-12-07 01:49:19,false
739,1,1223,chien-pao,20,true,1,0,2025-12-07 00:04:56,2025-12-07 01:02:06,false
740,1,1224,ting-lu,14,true,3,0,2025-12-07 00:04:56,2025-12-07 01:28:52,false
741,1,1225,chi-yu,19,false,,0,2025-12-07 00:04:56,2025-12-07 00:04:56,false
742,1,1226,roaring-moon,18,false,,0,2025-12-07 00:04:56,2025-12-07 00:04:56,false
743,1,1227,iron-valiant,12,true,7,0,2025-12-07 00:04:56,2025-12-07 01:13:45,false
744,1,1230,walking-wake,15,true,2,0,2025-12-07 00:04:56,2025-12-07 01:31:59,false
745,1,1231,iron-leaves,7,false,,0,2025-12-07 00:04:56,2025-12-07 00:04:56,false
746,1,1232,dipplin,3,true,9,0,2025-12-07 00:04:56,2025-12-07 02:06:34,false
747,1,1233,poltchageist,2,false,,0,2025-12-07 00:04:56,2025-12-07 00:04:56,false
748,1,1234,sinistcha,17,false,,0,2025-12-07 00:04:56,2025-12-07 00:04:56,false
749,1,1235,okidogi,13,false,,0,2025-12-07 00:04:56,2025-12-07 00:04:56,false
750,1,1236,munkidori,8,false,,0,2025-12-07 00:04:56,2025-12-07 00:04:56,false
751,1,1237,fezandipiti,9,true,11,0,2025-12-07 00:04:56,2025-12-07 02:11:21,false
752,1,1238,ogerpon,17,false,,0,2025-12-07 00:04:56,2025-12-07 00:04:56,false
753,1,1239,ogerpon-wellspring,20,true,6,0,2025-12-07 00:04:56,2025-12-07 00:55:11,false
754,1,1240,ogerpon-hearthflame,20,true,12,0,2025-12-07 00:04:56,2025-12-07 02:14:30,false
755,1,1241,ogerpon-cornerstone,18,false,,0,2025-12-07 00:04:56,2025-12-07 00:04:56,false
756,1,1242,archaludon,19,true,6,0,2025-12-07 00:04:56,2025-12-07 01:11:33,false
757,1,1243,hydrapple,7,true,4,0,2025-12-07 00:04:56,2025-12-07 01:54:26,false
758,1,1244,gouging-fire,18,false,,0,2025-12-07 00:04:56,2025-12-07 00:04:56,false
759,1,1245,raging-bolt,20,true,3,0,2025-12-07 00:04:56,2025-12-07 00:48:44,false
760,1,1246,iron-boulder,12,false,,0,2025-12-07 00:04:56,2025-12-07 00:04:56,false
761,1,1247,iron-crown,16,true,11,0,2025-12-07 00:04:56,2025-12-07 01:14:34,false
762,1,1251,pecharunt,13,true,10,0,2025-12-07 00:04:56,2025-12-07 01:07:35,false
763,1,813,greninja-ash,10,false,,0,2025-12-07 00:04:56,2025-12-07 00:04:56,false